country_code,country,year,value,indicator
IND,India,2024,4.202,SL.UEM.TOTL.ZS
IND,India,2023,4.172,SL.UEM.TOTL.ZS
IND,India,2022,4.822,SL.UEM.TOTL.ZS
IND,India,2021,6.38,SL.UEM.TOTL.ZS
IND,India,2020,7.859,SL.UEM.TOTL.ZS
IND,India,2019,6.51,SL.UEM.TOTL.ZS
IND,India,2018,7.652,SL.UEM.TOTL.ZS
IND,India,2017,7.618,SL.UEM.TOTL.ZS
IND,India,2016,7.601,SL.UEM.TOTL.ZS
IND,India,2015,7.631,SL.UEM.TOTL.ZS
IND,India,2014,7.674,SL.UEM.TOTL.ZS
IND,India,2013,7.711,SL.UEM.TOTL.ZS
IND,India,2012,7.666,SL.UEM.TOTL.ZS
IND,India,2011,7.616,SL.UEM.TOTL.ZS
IND,India,2010,7.652,SL.UEM.TOTL.ZS
CHN,China,2024,4.571,SL.UEM.TOTL.ZS
CHN,China,2023,4.67,SL.UEM.TOTL.ZS
CHN,China,2022,4.98,SL.UEM.TOTL.ZS
CHN,China,2021,4.55,SL.UEM.TOTL.ZS
CHN,China,2020,5.0,SL.UEM.TOTL.ZS
CHN,China,2019,4.56,SL.UEM.TOTL.ZS
CHN,China,2018,4.31,SL.UEM.TOTL.ZS
CHN,China,2017,4.47,SL.UEM.TOTL.ZS
CHN,China,2016,4.56,SL.UEM.TOTL.ZS
CHN,China,2015,4.65,SL.UEM.TOTL.ZS
CHN,China,2014,4.63,SL.UEM.TOTL.ZS
CHN,China,2013,4.6,SL.UEM.TOTL.ZS
CHN,China,2012,4.58,SL.UEM.TOTL.ZS
CHN,China,2011,4.55,SL.UEM.TOTL.ZS
CHN,China,2010,4.53,SL.UEM.TOTL.ZS
USA,United States,2024,4.106,SL.UEM.TOTL.ZS
USA,United States,2023,3.638,SL.UEM.TOTL.ZS
USA,United States,2022,3.65,SL.UEM.TOTL.ZS
USA,United States,2021,5.349,SL.UEM.TOTL.ZS
USA,United States,2020,8.055,SL.UEM.TOTL.ZS
USA,United States,2019,3.669,SL.UEM.TOTL.ZS
USA,United States,2018,3.896,SL.UEM.TOTL.ZS
USA,United States,2017,4.355,SL.UEM.TOTL.ZS
USA,United States,2016,4.869,SL.UEM.TOTL.ZS
USA,United States,2015,5.28,SL.UEM.TOTL.ZS
USA,United States,2014,6.168,SL.UEM.TOTL.ZS
USA,United States,2013,7.375,SL.UEM.TOTL.ZS
USA,United States,2012,8.069,SL.UEM.TOTL.ZS
USA,United States,2011,8.949,SL.UEM.TOTL.ZS
USA,United States,2010,9.633,SL.UEM.TOTL.ZS
